Tone,Call,Neuron
474,500,1
256,138,2
241,485,3
226,338,4
185,194,5
174,159,6
176,341,7
168,85,8
161,303,9
150,208,10
19,66,11
20,54,12
35,103,13
145,42,14
141,241,15
129,194,16
113,123,17
112,182,18
102,141,19
100,118,20
74,62,21
72,112,22
20,193,23
21,129,24
26,135,25
71,134,26
68,65,27
59,182,28
59,97,29
57,318,30
56,201,31
47,279,32
46,62,33
41,84,34
26,203,35
28,192,36
31,70,37
